Job ID,Title,Company,Location,Tags,Date,Link
834243,DevOps Engineer,Ampcontrol,ğŸ’ƒ Latin America,"Engineer, Cloud, Full Time, English",,https://remoteok.com/remote-jobs/remote-devops-engineer-ampcontrol-834243
755806,Backend Full Stack Software Engineer,VettaFI,ğŸ‡ªğŸ‡º Europe,"Engineer, Developer, Finance, Backend, Cloud, Full Stack, SaaS, Python, AWS, Fintech",,https://remoteok.com/remote-jobs/remote-backend-full-stack-software-engineer-vettafi-755806
685577,Senior React Native and Django Full Stack Developer,MorphMarket,ğŸ‡ªğŸ‡º Europe,"Senior, Developer, JavaScript, Full Stack, React, Python, React Native, Heroku, Pyton, Django",,https://remoteok.com/remote-jobs/remote-senior-react-native-and-django-full-stack-developer-morphmarket-685577
236500,Python DevOps Engineer,Ampcontrol.io,ğŸ‡ªğŸ‡º Europe,"Backend, Cloud, Python, SQL, Post Production, Rabbitmq, Fastapi, GCP",,https://remoteok.com/remote-jobs/remote-python-devops-engineer-ampcontrol-io-236500
165204,DevOps Engineer,Whimsical,ğŸŒ Worldwide,Developer,,https://remoteok.com/remote-jobs/remote-devops-engineer-whimsical-165204
117746,Principal Software Engineer Developer Tooling,Gruntwork,ğŸŒ North America,"Developer, AWS, Engineer, Golang, Ops, Full Stack, Linux, Senior, Cloud, InfoSec, SaaS, Software, Amazon, JavaScript, Node, Docker, Developer, Serverless, Design, API, Medical",,https://remoteok.com/remote-jobs/remote-principal-software-engineer-developer-tooling-gruntwork-117746
109669,Site Reliability Engineer,Close,ğŸŒ North America,"Elasticsearch, Python, Admin, Engineer, Sys Admin, Redis, JavaScript, Security, PostgreSQL, Mongo, Sales, Reliability, Backend, Full-Time",,https://remoteok.com/remote-jobs/109669-remote-site-reliability-engineer-close
110281,Senior Platform Engineer with AWS DevOps SRE Experience,Flightcontrol,ğŸŒ North America,"AWS, Typescript, Temporal, Video, Security, Serverless, API, Lead, Senior, System, Go, Heroku, Engineer, Backend",,https://remoteok.com/remote-jobs/110281-remote-senior-platform-engineer-with-aws-devops-sre-experience-flightcontrol
108997,Site Reliability Engineer,RetailNext,ğŸŒ North America,"Admin, Golang, Engineer, Linux, Sys Admin, Cassandra, Docker, Teach, Security, C Plus Plus, Cloud, Analytics, SaaS, Reliability, Go, Engineering, Backend",,https://remoteok.com/remote-jobs/108997-remote-site-reliability-engineer-retailnext
107773,Senior Cypress Engineer,Contra,ğŸŒ North America,"JavaScript, Node, Senior, Engineer, Docker, Front End, Quality Assurance, Lead, Health, Engineering",,https://remoteok.com/remote-jobs/107773-remote-senior-cypress-engineer-contra
107770,Senior DevOps Engineer,Contra,ğŸŒ North America,"Senior, Engineer, Lead, Operational, Health, Backend",,https://remoteok.com/remote-jobs/107770-remote-senior-devops-engineer-contra
107295,DevOps Engineer,Bluelight Consulting,ğŸŒ North America,"Consulting, Consultant, Software, Engineer",,https://remoteok.com/remote-jobs/107295-remote-devops-engineer-bluelight-consulting
105147,Manager DevOps (North America),Cmd,ğŸŒ North America,"Manager, Security, Software, Director, Operational, Reliability, Engineering, Linux",,https://remoteok.com/remote-jobs/105147-remote-manager-devops-cmd
104445,Full Stack Software Engineer,GooseChase,ğŸŒ North America,"JavaScript, Python, Node, Engineer, Full Stack, Developer, Students, Security, Cloud, UX, PostgreSQL, Node, Admin, Microsoft, Marketing, Engineering, Apache, Full-Stack",,https://remoteok.com/remote-jobs/104445-remote-full-stack-software-engineer-goosechase
104221,Lead DevOps Site Reliability Engineer,Loomly,ğŸŒ North America,"Admin, Engineer, Sys Admin, Docker, Executive, Ruby, Lead, Content, Marketing, Reliability, Health, Engineering",,https://remoteok.com/remote-jobs/104221-remote-lead-devops-site-reliability-engineer-loomly
103697,Senior DevOps Architect,Codelitt,ğŸŒ North America,"Senior, Golang, Customer Support, Architecture, System",,https://remoteok.com/remote-jobs/103697-remote-senior-devops-architect-codelitt
103395,DevOps Engineer,Ampcontrol,ğŸŒ North America,"Cloud, Engineer, Redis, Docker, PostgreSQL, Python, Operations",,https://remoteok.com/remote-jobs/103395-remote-devops-engineer-ampcontrol
101647,Senior Backend Engineer,Ad Hoc Labs,ğŸŒ North America,"Java, Scala, Senior, Engineer, Backend, Video, Lambda, Cloud, Mobile, Leader, Lead, Junior, Analytics, Health, Medical, Engineering",,https://remoteok.com/remote-jobs/101647-remote-senior-backend-engineer-ad-hoc-labs
101508,Platform Engineer,Ad-Hoc Labs,ğŸŒ North America,"Scala, Mobile, Engineer, Video, Lambda, Cloud, Leader, Senior, Analytics, Health, Medical, Engineering, Backend",,https://remoteok.com/remote-jobs/101508-remote-platform-engineer-ad-hoc-labs
100578,Software Engineer,Ampcontrol.io,ğŸ‡ºğŸ‡¸ United States,"Python, API, Machine Learning, Artificial Intelligence, AI, Deep Learning, Neural Networks, Engineer, Developer, English, Cloud, NoSQL, Reliability, System, Backend",,https://remoteok.com/remote-jobs/100578-remote-software-engineer-ampcontrol-io
98368,DevOps Engineer,OpSourced,ğŸŒ North America,"Engineer, Cloud, Senior, Junior",,https://remoteok.com/remote-jobs/98368-remote-devops-engineer-opsourced
86398,"Software Engineer, Security",Doximity,ğŸŒ North America,"InfoSec, Python, Ruby, Golang, Medical, Engineer, Developer, JavaScript, Security, Edu, Travel, System, Engineering",,https://remoteok.com/remote-jobs/86398-remote-software-engineer-security-doximity
74699,"Software Engineer, Services Reliability",Doximity,ğŸŒ North America,"Git, Ruby, Admin, Engineer, Sys Admin, GraphQL, Developer, JavaScript, Security, Rails, Travel, Reliability, System, Go, Medical, Engineering",,https://remoteok.com/remote-jobs/74699-remote-software-engineer-services-reliability-doximity
74012,Senior Devops Engineer,CompanyCam,ğŸŒ North America,"Senior, Engineer, Backend",,https://remoteok.com/remote-jobs/74012-remote-senior-devops-engineer-companycam
67816,Product Marketing Manager,"Sematext Group, Inc.",ğŸŒ North America,"Cloud, Marketing, SaaS, Executive, English, SEO, Lead, Content, Marketer, Analytics",,https://remoteok.com/remote-jobs/67816-remote-product-marketing-manager-sematext-group-inc-
