Title,Price,Rating,Reviews,Link
N/A,$469.99,3.6 out of 5 stars,34,N/A
N/A,$899.99,3.0 out of 5 stars,2,N/A
N/A,$180.00,4.1 out of 5 stars,Products highlighted as 'Overall Pick' are:,N/A
N/A,$299.99,4.2 out of 5 stars,"4,542",N/A
N/A,$399.00,4.3 out of 5 stars,168,N/A
N/A,$359.99,4.2 out of 5 stars,331,N/A
N/A,$832.26,4.3 out of 5 stars,545,N/A
N/A,$849.00,4.8 out of 5 stars,771,N/A
N/A,$359.99,4.5 out of 5 stars,853,N/A
N/A,$419.00,4.2 out of 5 stars,418,N/A
N/A,$229.99,4.4 out of 5 stars,49,N/A
N/A,$539.99,4.2 out of 5 stars,96,N/A
N/A,$248.00,4.1 out of 5 stars,"2,956",N/A
N/A,$164.99,4.0 out of 5 stars,"2,047",N/A
N/A,$549.99,4.6 out of 5 stars,183,N/A
N/A,$249.00,4.4 out of 5 stars,"2,877",N/A
N/A,$299.99,4.6 out of 5 stars,58,N/A
N/A,"$1,339.99",5.0 out of 5 stars,8,N/A
N/A,$161.96,3.7 out of 5 stars,26,N/A
N/A,$429.00,4.2 out of 5 stars,448,N/A
N/A,$178.71,4.3 out of 5 stars,"2,094",N/A
N/A,$319.99,4.2 out of 5 stars,397,N/A
N/A,$329.00,5.0 out of 5 stars,1,N/A
N/A,$699.99,4.9 out of 5 stars,17,N/A
N/A,$299.99,4.5 out of 5 stars,290,N/A
N/A,$569.70,4.2 out of 5 stars,281,N/A
N/A,$229.00,4.2 out of 5 stars,316,N/A
N/A,$475.00,4.2 out of 5 stars,51,N/A
N/A,$177.00,4.3 out of 5 stars,805,N/A
N/A,$599.99,4.5 out of 5 stars,9,N/A
N/A,$359.99,4.7 out of 5 stars,10,N/A
N/A,"$1,769.00",4.8 out of 5 stars,881,N/A
N/A,$499.99,4.9 out of 5 stars,20,N/A
N/A,$429.00,4.2 out of 5 stars,448,N/A
N/A,$499.99,4.6 out of 5 stars,23,N/A
N/A,$132.99,3.5 out of 5 stars,123,N/A
N/A,$439.00,4.2 out of 5 stars,537,N/A
N/A,$399.99,4.3 out of 5 stars,656,N/A
N/A,$249.99,4.3 out of 5 stars,20,N/A
N/A,$79.99,4.4 out of 5 stars,"9,200",N/A
N/A,"$2,299.99",4.4 out of 5 stars,"1,676",N/A
N/A,$879.00,3.9 out of 5 stars,50,N/A
N/A,$469.99,3.6 out of 5 stars,34,N/A
N/A,"$1,029.99",4.3 out of 5 stars,545,N/A
N/A,$499.99,4.9 out of 5 stars,20,N/A
N/A,$349.99,4.0 out of 5 stars,36,N/A
N/A,$439.00,4.2 out of 5 stars,537,N/A
N/A,$248.00,4.1 out of 5 stars,"2,956",N/A
N/A,$663.99,4.3 out of 5 stars,285,N/A
N/A,$499.99,4.6 out of 5 stars,23,N/A
N/A,$399.99,5.0 out of 5 stars,10,N/A
N/A,$249.99,5.0 out of 5 stars,28,N/A
N/A,$299.99,5.0 out of 5 stars,10,N/A
N/A,$386.00,4.5 out of 5 stars,100,N/A
N/A,$429.00,4.2 out of 5 stars,448,N/A
N/A,$299.99,4.6 out of 5 stars,58,N/A
N/A,$525.00,4.2 out of 5 stars,"2,149",N/A
N/A,$599.99,4.5 out of 5 stars,9,N/A
N/A,$499.00,4.3 out of 5 stars,727,N/A
N/A,$899.00,4.8 out of 5 stars,16,N/A
N/A,$416.48,4.2 out of 5 stars,"1,178",N/A
N/A,$399.99,4.3 out of 5 stars,656,N/A
N/A,$299.99,4.5 out of 5 stars,290,N/A
N/A,$409.99,4.6 out of 5 stars,10,N/A
N/A,$329.00,5.0 out of 5 stars,1,N/A
N/A,"$1,029.99",4.3 out of 5 stars,545,N/A
