Title,Company,Location,Tags,Date,Link
DevOps Engineer,Ampcontrol,ğŸ’ƒ Latin America,"Engineer,Cloud,Full Time,English",,https://remoteok.com/remote-jobs/remote-devops-engineer-ampcontrol-834243
Backend Full Stack Software Engineer,VettaFI,ğŸ‡ªğŸ‡º Europe,"Engineer,Developer,Finance,Backend,Cloud,Full Stack,SaaS,Python,AWS,Fintech",,https://remoteok.com/remote-jobs/remote-backend-full-stack-software-engineer-vettafi-755806
Senior React Native and Django Full Stack Developer,MorphMarket,ğŸ‡ªğŸ‡º Europe,"Senior,Developer,JavaScript,Full Stack,React,Python,React Native,Heroku,Pyton,Django",,https://remoteok.com/remote-jobs/remote-senior-react-native-and-django-full-stack-developer-morphmarket-685577
Python DevOps Engineer,Ampcontrol.io,ğŸ‡ªğŸ‡º Europe,"Backend,Cloud,Python,SQL,Post Production,Rabbitmq,Fastapi,GCP",,https://remoteok.com/remote-jobs/remote-python-devops-engineer-ampcontrol-io-236500
DevOps Engineer,Whimsical,ğŸŒ Worldwide,Developer,,https://remoteok.com/remote-jobs/remote-devops-engineer-whimsical-165204
Principal Software Engineer Developer Tooling,Gruntwork,ğŸŒ North America,"Developer,AWS,Engineer,Golang,Ops,Full Stack,Linux,Senior,Cloud,InfoSec,SaaS,Software,Amazon,JavaScript,Node,Docker,Developer,Serverless,Design,API,Medical",,https://remoteok.com/remote-jobs/remote-principal-software-engineer-developer-tooling-gruntwork-117746
Site Reliability Engineer,Close,ğŸŒ North America,"Elasticsearch,Python,Admin,Engineer,Sys Admin,Redis,JavaScript,Security,PostgreSQL,Mongo,Sales,Reliability,Backend,Full-Time",,https://remoteok.com/remote-jobs/109669-remote-site-reliability-engineer-close
Senior Platform Engineer with AWS DevOps SRE Experience,Flightcontrol,ğŸŒ North America,"AWS,Typescript,Temporal,Video,Security,Serverless,API,Lead,Senior,System,Go,Heroku,Engineer,Backend",,https://remoteok.com/remote-jobs/110281-remote-senior-platform-engineer-with-aws-devops-sre-experience-flightcontrol
Site Reliability Engineer,RetailNext,ğŸŒ North America,"Admin,Golang,Engineer,Linux,Sys Admin,Cassandra,Docker,Teach,Security,C Plus Plus,Cloud,Analytics,SaaS,Reliability,Go,Engineering,Backend",,https://remoteok.com/remote-jobs/108997-remote-site-reliability-engineer-retailnext
Senior Cypress Engineer,Contra,ğŸŒ North America,"JavaScript,Node,Senior,Engineer,Docker,Front End,Quality Assurance,Lead,Health,Engineering",,https://remoteok.com/remote-jobs/107773-remote-senior-cypress-engineer-contra
Senior DevOps Engineer,Contra,ğŸŒ North America,"Senior,Engineer,Lead,Operational,Health,Backend",,https://remoteok.com/remote-jobs/107770-remote-senior-devops-engineer-contra
DevOps Engineer,Bluelight Consulting,ğŸŒ North America,"Consulting,Consultant,Software,Engineer",,https://remoteok.com/remote-jobs/107295-remote-devops-engineer-bluelight-consulting
Manager DevOps (North America),Cmd,ğŸŒ North America,"Manager,Security,Software,Director,Operational,Reliability,Engineering,Linux",,https://remoteok.com/remote-jobs/105147-remote-manager-devops-cmd
Full Stack Software Engineer,GooseChase,ğŸŒ North America,"JavaScript,Python,Node,Engineer,Full Stack,Developer,Students,Security,Cloud,UX,PostgreSQL,Node,Admin,Microsoft,Marketing,Engineering,Apache,Full-Stack",,https://remoteok.com/remote-jobs/104445-remote-full-stack-software-engineer-goosechase
Lead DevOps Site Reliability Engineer,Loomly,ğŸŒ North America,"Admin,Engineer,Sys Admin,Docker,Executive,Ruby,Lead,Content,Marketing,Reliability,Health,Engineering",,https://remoteok.com/remote-jobs/104221-remote-lead-devops-site-reliability-engineer-loomly
Senior DevOps Architect,Codelitt,ğŸŒ North America,"Senior,Golang,Customer Support,Architecture,System",,https://remoteok.com/remote-jobs/103697-remote-senior-devops-architect-codelitt
DevOps Engineer,Ampcontrol,ğŸŒ North America,"Cloud,Engineer,Redis,Docker,PostgreSQL,Python,Operations",,https://remoteok.com/remote-jobs/103395-remote-devops-engineer-ampcontrol
Senior Backend Engineer,Ad Hoc Labs,ğŸŒ North America,"Java,Scala,Senior,Engineer,Backend,Video,Lambda,Cloud,Mobile,Leader,Lead,Junior,Analytics,Health,Medical,Engineering",,https://remoteok.com/remote-jobs/101647-remote-senior-backend-engineer-ad-hoc-labs
Platform Engineer,Ad-Hoc Labs,ğŸŒ North America,"Scala,Mobile,Engineer,Video,Lambda,Cloud,Leader,Senior,Analytics,Health,Medical,Engineering,Backend",,https://remoteok.com/remote-jobs/101508-remote-platform-engineer-ad-hoc-labs
Software Engineer,Ampcontrol.io,ğŸ‡ºğŸ‡¸ United States,"Python,API,Machine Learning,Artificial Intelligence,AI,Deep Learning,Neural Networks,Engineer,Developer,English,Cloud,NoSQL,Reliability,System,Backend",,https://remoteok.com/remote-jobs/100578-remote-software-engineer-ampcontrol-io
